Class,Organism,Sequence,IApred,Dataset,ANTIGENpro,Vaxijen 3.0,VaxiJen 2.0
Gram-,Coxiella burnetii,MKRLILPFLSVGLLLGTTAHAATPLKTEQDKLSYSMGVMTGKAFRKHDIKIDPQTFSMGLSDAYLGKETQMTEAEMRQTLQQFEKQSLQKMQHKMKQTAQQNAEKSRAFLTANKNKPGVKTLANGLQYKVLQAGQGQSPTLNDEVTVNYEGRLINGTVFDSSYKRGQPATFPLKSVIKGWQEALTRMKPGAIWEIYVPPQLAYGEQGAPGVIGPNEALIFKVNLISVKKK,0.5879468949751766,antigens,0.763182,0.67,0.5867
protozoa,Eimeria maxima,MTRLGLAAVALALAVGPSMAVPSTTPVENQVHPYSEMSTYQEGSAPGAPEDTTTTTTSSPVSDGAEQWLESFVRAVQRQLQLQDQMMRQLMRDIQEYLSTAFNWAENQSTAYTRVTEMMDMISNRMNAAMDSSNELMTTSDTTDPETLRRATRKYMKEVRVQDVLVDALWASLRGVQTAAWMNGVTAIEKEETTPMASRAAEEFLHRMYHNLRAAGMSEEDVAKFIPRAEYNPSEQSRNMGRKGRSFYYGGYPSYYNSPYYSYSSYPSYYNYSYPSYSYSSYPSYYRYSSYPYYNYSYPSYYNYGSYPYYSYSSYPSWYWRRLRSLATATCPDCPPLTTPSMIPTPPPMMNMMNTPPPMANMMTSMMMNTPMVPPPRTLGTEAMSLGLAPIGITGAPMTGFGVPPEFGPFGAEGIGLPTDALGSTPEMTPFDPTTPYRTLAPMDLPPIPPPVFPETPMRPPTPFGFGPAPVPPMPF,0.5495477727228615,antigens,0.897413,0.33,0.4949
Gram-,Borreliella burgdorferi,MGGKRKGGSVTVGYRYYWDIHSGLGRGPVDEIVELRIDDKTAYLGKPGELTQSQAIYINKPNLFGGENTGGEGGIQGRLEILMGEPDQKPTQMLINLLKGKHNPAPRENTHALLRKNKRKKQQDEQAFFSAGNVTEGNLAKDDLIPGFRGIVSTVFSGLISCYNAYPKKHSYRVRRALKGWFNGTVWYPEKCKIILRNDTLKISGLTKEQEENARQIHAMNPAHILVECATNKSWGGKKDLSDLDLDSYKKAADTLYEEGFGLCLRYNRQGSIKEFMQQVIDHIGAVQYDNVETGKQAIKLLRNDYNPDDLPTFHYDNGILNVQDDDSSATDTTANQIVVKWRDPVTNREDQAIANNIASVQMHGVIAKNVEYKGVPTFDLAARIAQRDLEMVASSLTRLKIVFDMRASELKHGDVFKVHLPDRGIESVIFRVTGIENGNEGEFIVTCMQDVFGLPAANYSTQQSESLYIQPDYTAKAIQNSRLFELPYHVYPLVFSEAELAFIQPTDCFVWSLASTPSPLAVGYDLLTDVGAGFTPVAECSFTPSVILSSDITPYQTTVSFTAGEAFADLANAGALMIDDEIVKIESVDFKNSIMTIGRGCADTIPQAHKQGAIAWCYLFATSDTDTKYTVNEQIKAKLLTRTQIETLSEDAASVLTLTTQQRQVRPYPPANVKVDGAFVDKIADGSAFTLTWAHRDRDIQADQLITHTEDSTALGQGVSYKIDLMDGNNIVRSITTDSTEFVYPDEGKIEGEQFSKLAFYTVKDKQLTSLYRYEFTVQGAMQLLSDWDYQHAFTQGNNYLNRYDDNDMPEGKYIMLSSSASENVIYQSYPIEANKYKRFALSYKVGTYNQSNGLCTVTVQLYKGTELLKEYVSEQLGNWQKNDWHSQQVAEILPAETTEIRFKINVVGSISNNVIAFKDIVLRVGG,0.6942757951751639,non-antigens,0.061658,0.33,0.3585
Gram-,Borreliella burgdorferi,MIDYKNTLNLPETGFPMRGDLAKREPDMLKNWYDKNLYQKVRESSKGKKSFILHDGPPYANGNIHIGHAVNKILKDIIMKSKTALGFDTPYVPGWDCHGLPIELKVEGIVGKPNEKISAAEFRQACRDYAKEQVEGQKADFIRMGILGDWDNPYLTMNFDTEAHIIRTLGKVIANGHLYKGSKPVHWCLDCGSSLAEAEVEYEDKVSPSIYVRFKAIDSAAVEAKFNAVGKGSGQISAVIWTTTPWTLPSNKAISINPEFDYQLVQFGDERVVLVKDLVESVQKAVGVESVEVLGEVKGDALELMQFQHPFYDYSVPLILGDHVTTDGGTGLVHTAPDHGQDDFVVSKKYNIEMAGLVANDGKFISSTPFFAGLGVFESNEKVLEKLKEVGALLKLERIKHSYPHCWRHKTPIIFRATPQWFIGMETQGLREQALGEIKSVRWIPSWGEARIDTMVANRPDWCISRQRTWGVPMTMFVHNETEELHPRTLEILESVAKRVEEKGIQAWWDLDPVEVLGEEDAKNYRKVPDTLDVWFDSGSTYASVVEARPEFNGNSTDMYLEGSDQHRGWFMSSLMLSTATNGKAPYKQVLTHGFVVDEKGRKMSKSLGNVIVPSEVWNKNGADILRLWVASTDYTGEIAVSHNILNSAGESYRRIRNTARFLLANLNGFDPKRDLVKPEEMIALDRWAVSCALEAQNDIKEAYDNYQFHTVVQRLMRFCSIEMGSFYLDIIKDRQYTTKADSLARRSCQTALWHIAEALVRWMAPILSFTADEIWSYLPQVEGRSEFVFTEEFYEGLFGLTEADKLDDAYWQQILKVRAESNRVLEQARKDKVIGSGLEAKVTLYANNEIRAMLEQLGNELRFVLITSQAIIKPLSEADVAEGEMAGLAVKVERAEGEKCPRCWHFATDIGTHTEHSSVCGRCVENVAGEGEKRSFA,0.6379288261729973,non-antigens,0.907303,1.0,0.5259
Gram-,Borreliella burgdorferi,MDVFIQGFIVCFGLIVSIGAQNAFLLKQGILKQNVFWVALLCFLGDVFLMTLGVLGLGSIVANLPMLSLAIALLGACFLFTYGSRSFISIFKSVEALKASNENAMSLKRALMITFAITFLNPHVYIDTVVILGGIGGHLDFDGKMAFLAGALSCSFLWFFGVGYGAGFLSPYFEKRRTWQILDFLTSVIMYAIAISLTAYAFQLAKQIFAW,0.31363047610644434,non-antigens,0.212204,0.33,0.6553
Gram-,Borreliella burgdorferi,MEFIKTRAAVAWAPNEPLKIEELDLMPPQKGEVLVRLVATGVCHTDAYTLSGQDSEGVFPCVLGHEGAGIVEAVGEGVTDFKVGDHVIPLYTAECRKCKFCLSGKTNLCSAVRETQGKGLMPDGTVRFFKDGQPIFHYMGTSTFSEYTVVSEYSLAKVQENAPLDEVCLLGCGVTTGIGAVTRTAKVKKGDTVAIFGLGGIGLAAIIGARMAGAGRIIAIDINPAKFEKAKELGATDCINPKDYEQPIQNVIIEMTDGGVDFSFECVGNVDLMRSALECCHKGWGESIIIGVAPAGAEIRTRPFQLVTGRVWRGSAFGGVKGRTELPGIIDQFMKGEFKLRDFITHTMPLEDINKALDLMHEGKSIRTVIHF,0.6463723780743779,non-antigens,0.031361,0.0,0.7838
Gram-,Borreliella burgdorferi,MKLSKKVLLIATTLATAVLTGCQSQSNVLNFTTPSPTATFNTNNQTAAVSVLTQDLRTSREVASYTKNGQITYLTSSPEVGLMFQQAVQQDLNAKGFQLVQGAANANVIVSVRKFFATVEQGNLLYKVNAAVGVEVAVKGSKGNFSKNFNATRGYEGAAVTTDNDDIKKVLGQAYDDVVKAIYNDNEISNAIHQFK,0.7308064423591445,non-antigens,0.077501,0.33,0.4022
Gram-,Burkholderia pseudomallei,MSGMKKEAWLALGGAVVVAAAVGTGWWMGKGGGQPAATPAAVTAPAAGQAAQPAPQAAQPATGQAVVGSADPFAALNCQPRQYNDTLSLALTFTQPVDRRTDLSRLIKVVDTGPLAQSDDENAAIERPAPAQAGAAGAKGKQVDGAWAVGDNPRVVYFPYVRPQRSYAVQWQGDVPAGDGKSTLGAVGHCVVNTQAMPPSFYFASRGVVLPAGQNGGLPVATVNLAEVDVQFLRVEPDRVPEFFGSVLGIGNDAGADDRDDADDWRYADNRSLKGSVSNWDLDRLHGLTTSVYQGRFLTDDKPNRRHVTFLPIEGVKELQEPGIYVAVMSQPGRFRYEYQVTYFYVSDIGLHTRRYAERIEAYTVSLKDGVAIPGALVEVLDGAGKVLAKANSDAQGHVRIDGDFAKSKVLRASRGKEMTVLALGEPALDLSEFDVGGHPGRSNNLFVYAGRNLYRPGETFHVSVLPRDPDGRPLAAAPVSATLKRPDGRVVRTALWHPAKDQPGYIEQAIELPVDAQTGAWMLELRIDPAARLPDAAWKFQVEEFLPERMKLQLDSAQTVLQPGQPWRVDVQGDYLYGAPAAGNRLLSSFQVKRNRYALPQQWPGFIFGDVADDTRRHYEELPESELDDTGAGQLEIDPHTDGTHSPMSVRVSASLLELGGRPVVRSLERTVWPAPQLIAVRPLFDRDVAREGAPAAFEITRVDASGKVVPVQQAQVRLYHEERQYYWRFDDQRGWHSGYTENEELTDSRVVDVGERTPLTLNVGWGRYRLEIADPQTGETLRYRFYAGWNAQDADAVGNRPDRVQLKLEGVPARPGDTVAMTITPPHDGQALVTVEGDRMLWSKWVPVQASGTQVEIPVDKAWKRHDLYVSATVFRPGSQGDRVTPARALGLAFLPIASDERRLQVSLSAPAKTRPETRATVRVKVEGAAGKAARVTLSAVDVGILNINQYATPDPLDFFFGKHRYAPELLDIYGKLIEKMDGTQGRLKWGGDAAMRGDSRSLPKKVKLVDLFSGPVKLDDKGEADIALDLPDFNGTLRLMAVAFTADQFGSADREMTVAAPIVAELNTPRFITPGDQTAIALDVTNLSGATQKITVRLQALDPLAIADGTRTLTLKDKQRSTLRFVATTTGSYGLGLMRLSVDGEGAAEPVRIVRESVLQVQPAHAPERRVRRVRLNPGEALPAPGDWTSAYFPDSVSVSMTLSNRPPINVSRLVDGLLTYPYGCTEQTISAAIPWVLIDEAAAERFGLKVYSRADRESRVASALGRLAGMRAANGSYSLWGDSSSRDVWLTAYTVGFMQDVRDHEFNLAPALLERPRQWLLEQLQQASGGFGTWSPNLRRTLASGRFDENDAAILREDHRRFAGLAAAALVLARDGKAPLSTVRQLYDNYQERARSPLPLMQLAAAFKLMGDEGRMKTALDEAMTRSYGINRRAGSNYLDEWLGDYGSAVRDYALSYALVNQYGLKHDRTEALLDQVGGYLGVRSYLSTQEQMALLLAAGATGAESRTPWQAALQIGTGELKTLQGRDDHTLALSAGDLAGLQLRNTGSQSMFAEFDVQGTTMAAPAPRSDVIRLKRVWYRPDGTAWNGGTLQTGDMLVVWVQAEASRLIPDALVVDRVPAGFEIENLNLSQSPDMQDWTIGGRRVAESMADPNIKHREFRDDRYVAATMLGRGKVDIFYLARVVTPGRYSVPATEAEDMYRPELRAVGDSWSSIEIRDRAPRRP,0.6156872566669925,non-antigens,0.333657,0.0,0.4478
Gram-,Burkholderia pseudomallei,MSKATGFIKEFRDFAVKGNAIDLAVGVIIGAAFGKIVDSLVKDVVMPLVNFILGGSVDFSNKFLVLSMPDGYTGPMTYADLTKAGANVLAWGNFITIIINFVLLAFVIFWMVKAIYFARRKEEAAPEAPAAPPEDVTVLREIRDLLKDKQGS,0.5837972229008068,non-antigens,0.093219,0.67,0.3089
Gram-,Burkholderia pseudomallei,MMPPPAVPPQLPEVPAADLPRVRAPLSTYRRPQRTDFVTPTGGPFFAKQDKALNTIDLKMAHDLKLRGYRVKVAVVDEGVRSDHPLLNVEKKYGGDYMADGTRTYPDPKRQGRHGTSVALVLAGQDTDTYRGGVAPNADLYSANIGTRAGHVSDEAAFHAWNDLLGHGIKIFNNSFATEGPEGEQRVKEDRNEYHSAANKQNTYIGRLDRLVRDGALLIFAAGNGRPSGRAYSEVGSVGRTPRVEPHLQRGLIVVTAVDENGRLETWANRCGQAQQWCLAAPSTAYLPGLDKDNPDSIHVEQGTSLSAPLVTGAAVLVQDRFRWMDNDNLRTTLLTTAQDKGPYGVDPQYGWGVLDVGRAVQGPAQFAFGDFVARVTDTSTFGNDISGAGGLVVDGPGALVLAGSNTYAGRTTIKRGTLDVFGSVTSAVTVEPGGTLTGIGTVGTVTNQGTVVNKEAGLHVKGDYSQTAQGLLVTDIGSLLDVSGRASLAGRLHVDDIRPGYVGGDGKSVPVIKAGAVSGVFATLTRSPGLLLNARLDYRPQAVYLTMRRAERVHAAAQRGADDGRRASVLAVAERLDAAMRELDALPESQRDAAAPAAAIGRIQRVQSRKVLQDNLYSLAGATYANAAAVNTLEQNRWMDRLENHLAQAGGERVAAIAEYRHGQLRWRPDGLQGRQRGNGIMLGLAREVSAGLSLAAALTHSRTHWDESSGAPARDNAAMTTPGVLLGARRAWEDGWFVQGALGYSRYRNQATRHISLGDAGHTVGATARGHVWQADAGLGRQWTLAPGHTLAPRAGLQLTHLRQQGFSESGAQGLGLRAHALTRTVPTLWAQLQSRHAFMLGATPMTAQLQLGVWHDLRARRYAASGGFAGLAQDQGASGYWPVPRTRVQGALGLRAEFAPGLVLGLGYTGQLATHWVDHQLSASLTYRY,0.671520186518983,non-antigens,0.206349,0.0,0.3937
Gram-,Burkholderia pseudomallei,MENTATAAKAKLEVKNLNFYYGKFHAIRNVNMSIRENKVTAFIGPSGCGKSTLLRTFNRMFELYPGQRAEGEILLDGENLLTSKTDISLIRAKVGMVFQKPTPFPMSIYDNIAFGVRLFERLSKGEMDERVEWALSKAALWNEVKDKLHQSGNSLSGGQQQRLCIARGVAIKPEVLLLDEPCSALDPISTAKIEELIAELKHEYTVVIVTHNMQQAARCSDYTAYMYLGELMEYGATDQIFVKPARKETEDYITGRFG,0.44657540686647645,non-antigens,0.034144,0.33,0.5313
Gram-,Burkholderia pseudomallei,MSDNNRSRHITEGVARAPNRAMYYALGYTEADFQNPMIGVANGHSTITPCNSGLQRLADAAIEAIRVSRANPQVFGTPTISDGMSMGTEGMKYSLVSREVIADCIETAAQGQWMDGVVVIGGCDKNMPGGMMALARMNVPGIYVYGGTIKPGHYKGKDLTIVSVFEAVGEYTMGRMDETDFKAIEQCAIPGSGSYGGMYTANTMSSAFEAMGMSLPYSSTMANEDQEKVASAAESARVLVEAVRRQLRPRDIITLASIENAVAVIMATGGSTNAVLHFLAIAHAAEVPWNIDDFERIRKRVPVICDLKPSGRYVATDLHRAGGIPQVMKILLNAGLLHGDCITITGKTVAETLANVPDAPPPGQDVIMPIERALYPQGHLAILKGNLSPEGCVAKITGLKNPVITGPARVFDSEDDAMAAIMDRRIRDGDVVVIRYEGPKGGPGMREMLAPTSALVGQGLGETVGLITDGRFSGGTWGMVVGHVAPEEFVGGPIALIREGDSVTIDAHQLLLLLLNISDEEMAARRKAWAQPKPRYVRGVLAKFGKLACTASRGAVTDAFEE,0.6277438916214111,non-antigens,0.906053,1.0,0.458
Gram-,Coxiella burnetii,MKRLILPFLSVGLLLGTTAHAATPLKTEQDKLSYSMGVMTGKAFRKHDIKIDPQTFSMGLSDAYLGKETQMTEAEMRQTLQQFEKQSLQKMQHKMKQTAQQNAEKSRAFLTANKNKPGVKTLANGLQYKVLQAGQGQSPTLNDEVTVNYEGRLINGTVFDSSYKRGQPATFPLKSVIKGWQEALTRMKPGAIWEIYVPPQLAYGEQGAPGVIGPNEALIFKVNLISVKKK,0.627106249332428,antigens,0.763182,0.67,0.5867
protozoa,Eimeria maxima,MTRLGLAAVALALAVGPSMAVPSTTPVENQVHPYSEMSTYQEGSAPGAPEDTTTTTTSSPVSDGAEQWLESFVRAVQRQLQLQDQMMRQLMRDIQEYLSTAFNWAENQSTAYTRVTEMMDMISNRMNAAMDSSNELMTTSDTTDPETLRRATRKYMKEVRVQDVLVDALWASLRGVQTAAWMNGVTAIEKEETTPMASRAAEEFLHRMYHNLRAAGMSEEDVAKFIPRAEYNPSEQSRNMGRKGRSFYYGGYPSYYNSPYYSYSSYPSYYNYSYPSYSYSSYPSYYRYSSYPYYNYSYPSYYNYGSYPYYSYSSYPSWYWRRLRSLATATCPDCPPLTTPSMIPTPPPMMNMMNTPPPMANMMTSMMMNTPMVPPPRTLGTEAMSLGLAPIGITGAPMTGFGVPPEFGPFGAEGIGLPTDALGSTPEMTPFDPTTPYRTLAPMDLPPIPPPVFPETPMRPPTPFGFGPAPVPPMPF,0.7203907370567322,antigens,0.897413,0.33,0.4949
Gram-,Borreliella burgdorferi,MGGKRKGGSVTVGYRYYWDIHSGLGRGPVDEIVELRIDDKTAYLGKPGELTQSQAIYINKPNLFGGENTGGEGGIQGRLEILMGEPDQKPTQMLINLLKGKHNPAPRENTHALLRKNKRKKQQDEQAFFSAGNVTEGNLAKDDLIPGFRGIVSTVFSGLISCYNAYPKKHSYRVRRALKGWFNGTVWYPEKCKIILRNDTLKISGLTKEQEENARQIHAMNPAHILVECATNKSWGGKKDLSDLDLDSYKKAADTLYEEGFGLCLRYNRQGSIKEFMQQVIDHIGAVQYDNVETGKQAIKLLRNDYNPDDLPTFHYDNGILNVQDDDSSATDTTANQIVVKWRDPVTNREDQAIANNIASVQMHGVIAKNVEYKGVPTFDLAARIAQRDLEMVASSLTRLKIVFDMRASELKHGDVFKVHLPDRGIESVIFRVTGIENGNEGEFIVTCMQDVFGLPAANYSTQQSESLYIQPDYTAKAIQNSRLFELPYHVYPLVFSEAELAFIQPTDCFVWSLASTPSPLAVGYDLLTDVGAGFTPVAECSFTPSVILSSDITPYQTTVSFTAGEAFADLANAGALMIDDEIVKIESVDFKNSIMTIGRGCADTIPQAHKQGAIAWCYLFATSDTDTKYTVNEQIKAKLLTRTQIETLSEDAASVLTLTTQQRQVRPYPPANVKVDGAFVDKIADGSAFTLTWAHRDRDIQADQLITHTEDSTALGQGVSYKIDLMDGNNIVRSITTDSTEFVYPDEGKIEGEQFSKLAFYTVKDKQLTSLYRYEFTVQGAMQLLSDWDYQHAFTQGNNYLNRYDDNDMPEGKYIMLSSSASENVIYQSYPIEANKYKRFALSYKVGTYNQSNGLCTVTVQLYKGTELLKEYVSEQLGNWQKNDWHSQQVAEILPAETTEIRFKINVVGSISNNVIAFKDIVLRVGG,0.85888671875,non-antigens,0.061658,0.33,0.3585
Gram-,Borreliella burgdorferi,MIDYKNTLNLPETGFPMRGDLAKREPDMLKNWYDKNLYQKVRESSKGKKSFILHDGPPYANGNIHIGHAVNKILKDIIMKSKTALGFDTPYVPGWDCHGLPIELKVEGIVGKPNEKISAAEFRQACRDYAKEQVEGQKADFIRMGILGDWDNPYLTMNFDTEAHIIRTLGKVIANGHLYKGSKPVHWCLDCGSSLAEAEVEYEDKVSPSIYVRFKAIDSAAVEAKFNAVGKGSGQISAVIWTTTPWTLPSNKAISINPEFDYQLVQFGDERVVLVKDLVESVQKAVGVESVEVLGEVKGDALELMQFQHPFYDYSVPLILGDHVTTDGGTGLVHTAPDHGQDDFVVSKKYNIEMAGLVANDGKFISSTPFFAGLGVFESNEKVLEKLKEVGALLKLERIKHSYPHCWRHKTPIIFRATPQWFIGMETQGLREQALGEIKSVRWIPSWGEARIDTMVANRPDWCISRQRTWGVPMTMFVHNETEELHPRTLEILESVAKRVEEKGIQAWWDLDPVEVLGEEDAKNYRKVPDTLDVWFDSGSTYASVVEARPEFNGNSTDMYLEGSDQHRGWFMSSLMLSTATNGKAPYKQVLTHGFVVDEKGRKMSKSLGNVIVPSEVWNKNGADILRLWVASTDYTGEIAVSHNILNSAGESYRRIRNTARFLLANLNGFDPKRDLVKPEEMIALDRWAVSCALEAQNDIKEAYDNYQFHTVVQRLMRFCSIEMGSFYLDIIKDRQYTTKADSLARRSCQTALWHIAEALVRWMAPILSFTADEIWSYLPQVEGRSEFVFTEEFYEGLFGLTEADKLDDAYWQQILKVRAESNRVLEQARKDKVIGSGLEAKVTLYANNEIRAMLEQLGNELRFVLITSQAIIKPLSEADVAEGEMAGLAVKVERAEGEKCPRCWHFATDIGTHTEHSSVCGRCVENVAGEGEKRSFA,0.3728937804698944,non-antigens,0.907303,1.0,0.5259
Gram-,Borreliella burgdorferi,MDVFIQGFIVCFGLIVSIGAQNAFLLKQGILKQNVFWVALLCFLGDVFLMTLGVLGLGSIVANLPMLSLAIALLGACFLFTYGSRSFISIFKSVEALKASNENAMSLKRALMITFAITFLNPHVYIDTVVILGGIGGHLDFDGKMAFLAGALSCSFLWFFGVGYGAGFLSPYFEKRRTWQILDFLTSVIMYAIAISLTAYAFQLAKQIFAW,0.06008727848529816,non-antigens,0.212204,0.33,0.6553
Gram-,Borreliella burgdorferi,MEFIKTRAAVAWAPNEPLKIEELDLMPPQKGEVLVRLVATGVCHTDAYTLSGQDSEGVFPCVLGHEGAGIVEAVGEGVTDFKVGDHVIPLYTAECRKCKFCLSGKTNLCSAVRETQGKGLMPDGTVRFFKDGQPIFHYMGTSTFSEYTVVSEYSLAKVQENAPLDEVCLLGCGVTTGIGAVTRTAKVKKGDTVAIFGLGGIGLAAIIGARMAGAGRIIAIDINPAKFEKAKELGATDCINPKDYEQPIQNVIIEMTDGGVDFSFECVGNVDLMRSALECCHKGWGESIIIGVAPAGAEIRTRPFQLVTGRVWRGSAFGGVKGRTELPGIIDQFMKGEFKLRDFITHTMPLEDINKALDLMHEGKSIRTVIHF,0.6570661664009094,non-antigens,0.031361,0.0,0.7838
Gram-,Borreliella burgdorferi,MKLSKKVLLIATTLATAVLTGCQSQSNVLNFTTPSPTATFNTNNQTAAVSVLTQDLRTSREVASYTKNGQITYLTSSPEVGLMFQQAVQQDLNAKGFQLVQGAANANVIVSVRKFFATVEQGNLLYKVNAAVGVEVAVKGSKGNFSKNFNATRGYEGAAVTTDNDDIKKVLGQAYDDVVKAIYNDNEISNAIHQFK,0.9323326349258423,non-antigens,0.077501,0.33,0.4022
Gram-,Burkholderia pseudomallei,MSGMKKEAWLALGGAVVVAAAVGTGWWMGKGGGQPAATPAAVTAPAAGQAAQPAPQAAQPATGQAVVGSADPFAALNCQPRQYNDTLSLALTFTQPVDRRTDLSRLIKVVDTGPLAQSDDENAAIERPAPAQAGAAGAKGKQVDGAWAVGDNPRVVYFPYVRPQRSYAVQWQGDVPAGDGKSTLGAVGHCVVNTQAMPPSFYFASRGVVLPAGQNGGLPVATVNLAEVDVQFLRVEPDRVPEFFGSVLGIGNDAGADDRDDADDWRYADNRSLKGSVSNWDLDRLHGLTTSVYQGRFLTDDKPNRRHVTFLPIEGVKELQEPGIYVAVMSQPGRFRYEYQVTYFYVSDIGLHTRRYAERIEAYTVSLKDGVAIPGALVEVLDGAGKVLAKANSDAQGHVRIDGDFAKSKVLRASRGKEMTVLALGEPALDLSEFDVGGHPGRSNNLFVYAGRNLYRPGETFHVSVLPRDPDGRPLAAAPVSATLKRPDGRVVRTALWHPAKDQPGYIEQAIELPVDAQTGAWMLELRIDPAARLPDAAWKFQVEEFLPERMKLQLDSAQTVLQPGQPWRVDVQGDYLYGAPAAGNRLLSSFQVKRNRYALPQQWPGFIFGDVADDTRRHYEELPESELDDTGAGQLEIDPHTDGTHSPMSVRVSASLLELGGRPVVRSLERTVWPAPQLIAVRPLFDRDVAREGAPAAFEITRVDASGKVVPVQQAQVRLYHEERQYYWRFDDQRGWHSGYTENEELTDSRVVDVGERTPLTLNVGWGRYRLEIADPQTGETLRYRFYAGWNAQDADAVGNRPDRVQLKLEGVPARPGDTVAMTITPPHDGQALVTVEGDRMLWSKWVPVQASGTQVEIPVDKAWKRHDLYVSATVFRPGSQGDRVTPARALGLAFLPIASDERRLQVSLSAPAKTRPETRATVRVKVEGAAGKAARVTLSAVDVGILNINQYATPDPLDFFFGKHRYAPELLDIYGKLIEKMDGTQGRLKWGGDAAMRGDSRSLPKKVKLVDLFSGPVKLDDKGEADIALDLPDFNGTLRLMAVAFTADQFGSADREMTVAAPIVAELNTPRFITPGDQTAIALDVTNLSGATQKITVRLQALDPLAIADGTRTLTLKDKQRSTLRFVATTTGSYGLGLMRLSVDGEGAAEPVRIVRESVLQVQPAHAPERRVRRVRLNPGEALPAPGDWTSAYFPDSVSVSMTLSNRPPINVSRLVDGLLTYPYGCTEQTISAAIPWVLIDEAAAERFGLKVYSRADRESRVASALGRLAGMRAANGSYSLWGDSSSRDVWLTAYTVGFMQDVRDHEFNLAPALLERPRQWLLEQLQQASGGFGTWSPNLRRTLASGRFDENDAAILREDHRRFAGLAAAALVLARDGKAPLSTVRQLYDNYQERARSPLPLMQLAAAFKLMGDEGRMKTALDEAMTRSYGINRRAGSNYLDEWLGDYGSAVRDYALSYALVNQYGLKHDRTEALLDQVGGYLGVRSYLSTQEQMALLLAAGATGAESRTPWQAALQIGTGELKTLQGRDDHTLALSAGDLAGLQLRNTGSQSMFAEFDVQGTTMAAPAPRSDVIRLKRVWYRPDGTAWNGGTLQTGDMLVVWVQAEASRLIPDALVVDRVPAGFEIENLNLSQSPDMQDWTIGGRRVAESMADPNIKHREFRDDRYVAATMLGRGKVDIFYLARVVTPGRYSVPATEAEDMYRPELRAVGDSWSSIEIRDRAPRRP,0.684891402721405,non-antigens,0.333657,0.0,0.4478
Gram-,Burkholderia pseudomallei,MSKATGFIKEFRDFAVKGNAIDLAVGVIIGAAFGKIVDSLVKDVVMPLVNFILGGSVDFSNKFLVLSMPDGYTGPMTYADLTKAGANVLAWGNFITIIINFVLLAFVIFWMVKAIYFARRKEEAAPEAPAAPPEDVTVLREIRDLLKDKQGS,0.6695970892906189,non-antigens,0.093219,0.67,0.3089
Gram-,Burkholderia pseudomallei,MMPPPAVPPQLPEVPAADLPRVRAPLSTYRRPQRTDFVTPTGGPFFAKQDKALNTIDLKMAHDLKLRGYRVKVAVVDEGVRSDHPLLNVEKKYGGDYMADGTRTYPDPKRQGRHGTSVALVLAGQDTDTYRGGVAPNADLYSANIGTRAGHVSDEAAFHAWNDLLGHGIKIFNNSFATEGPEGEQRVKEDRNEYHSAANKQNTYIGRLDRLVRDGALLIFAAGNGRPSGRAYSEVGSVGRTPRVEPHLQRGLIVVTAVDENGRLETWANRCGQAQQWCLAAPSTAYLPGLDKDNPDSIHVEQGTSLSAPLVTGAAVLVQDRFRWMDNDNLRTTLLTTAQDKGPYGVDPQYGWGVLDVGRAVQGPAQFAFGDFVARVTDTSTFGNDISGAGGLVVDGPGALVLAGSNTYAGRTTIKRGTLDVFGSVTSAVTVEPGGTLTGIGTVGTVTNQGTVVNKEAGLHVKGDYSQTAQGLLVTDIGSLLDVSGRASLAGRLHVDDIRPGYVGGDGKSVPVIKAGAVSGVFATLTRSPGLLLNARLDYRPQAVYLTMRRAERVHAAAQRGADDGRRASVLAVAERLDAAMRELDALPESQRDAAAPAAAIGRIQRVQSRKVLQDNLYSLAGATYANAAAVNTLEQNRWMDRLENHLAQAGGERVAAIAEYRHGQLRWRPDGLQGRQRGNGIMLGLAREVSAGLSLAAALTHSRTHWDESSGAPARDNAAMTTPGVLLGARRAWEDGWFVQGALGYSRYRNQATRHISLGDAGHTVGATARGHVWQADAGLGRQWTLAPGHTLAPRAGLQLTHLRQQGFSESGAQGLGLRAHALTRTVPTLWAQLQSRHAFMLGATPMTAQLQLGVWHDLRARRYAASGGFAGLAQDQGASGYWPVPRTRVQGALGLRAEFAPGLVLGLGYTGQLATHWVDHQLSASLTYRY,0.747864305973053,non-antigens,0.206349,0.0,0.3937
Gram-,Burkholderia pseudomallei,MENTATAAKAKLEVKNLNFYYGKFHAIRNVNMSIRENKVTAFIGPSGCGKSTLLRTFNRMFELYPGQRAEGEILLDGENLLTSKTDISLIRAKVGMVFQKPTPFPMSIYDNIAFGVRLFERLSKGEMDERVEWALSKAALWNEVKDKLHQSGNSLSGGQQQRLCIARGVAIKPEVLLLDEPCSALDPISTAKIEELIAELKHEYTVVIVTHNMQQAARCSDYTAYMYLGELMEYGATDQIFVKPARKETEDYITGRFG,0.27880859375,non-antigens,0.034144,0.33,0.5313
Gram-,Burkholderia pseudomallei,MSDNNRSRHITEGVARAPNRAMYYALGYTEADFQNPMIGVANGHSTITPCNSGLQRLADAAIEAIRVSRANPQVFGTPTISDGMSMGTEGMKYSLVSREVIADCIETAAQGQWMDGVVVIGGCDKNMPGGMMALARMNVPGIYVYGGTIKPGHYKGKDLTIVSVFEAVGEYTMGRMDETDFKAIEQCAIPGSGSYGGMYTANTMSSAFEAMGMSLPYSSTMANEDQEKVASAAESARVLVEAVRRQLRPRDIITLASIENAVAVIMATGGSTNAVLHFLAIAHAAEVPWNIDDFERIRKRVPVICDLKPSGRYVATDLHRAGGIPQVMKILLNAGLLHGDCITITGKTVAETLANVPDAPPPGQDVIMPIERALYPQGHLAILKGNLSPEGCVAKITGLKNPVITGPARVFDSEDDAMAAIMDRRIRDGDVVVIRYEGPKGGPGMREMLAPTSALVGQGLGETVGLITDGRFSGGTWGMVVGHVAPEEFVGGPIALIREGDSVTIDAHQLLLLLLNISDEEMAARRKAWAQPKPRYVRGVLAKFGKLACTASRGAVTDAFEE,0.53955078125,non-antigens,0.906053,1.0,0.458
Gram-,Coxiella burnetii,MKRLILPFLSVGLLLGTTAHAATPLKTEQDKLSYSMGVMTGKAFRKHDIKIDPQTFSMGLSDAYLGKETQMTEAEMRQTLQQFEKQSLQKMQHKMKQTAQQNAEKSRAFLTANKNKPGVKTLANGLQYKVLQAGQGQSPTLNDEVTVNYEGRLINGTVFDSSYKRGQPATFPLKSVIKGWQEALTRMKPGAIWEIYVPPQLAYGEQGAPGVIGPNEALIFKVNLISVKKK,0.71630859375,antigens,0.763182,0.67,0.5867
protozoa,Eimeria maxima,MTRLGLAAVALALAVGPSMAVPSTTPVENQVHPYSEMSTYQEGSAPGAPEDTTTTTTSSPVSDGAEQWLESFVRAVQRQLQLQDQMMRQLMRDIQEYLSTAFNWAENQSTAYTRVTEMMDMISNRMNAAMDSSNELMTTSDTTDPETLRRATRKYMKEVRVQDVLVDALWASLRGVQTAAWMNGVTAIEKEETTPMASRAAEEFLHRMYHNLRAAGMSEEDVAKFIPRAEYNPSEQSRNMGRKGRSFYYGGYPSYYNSPYYSYSSYPSYYNYSYPSYSYSSYPSYYRYSSYPYYNYSYPSYYNYGSYPYYSYSSYPSWYWRRLRSLATATCPDCPPLTTPSMIPTPPPMMNMMNTPPPMANMMTSMMMNTPMVPPPRTLGTEAMSLGLAPIGITGAPMTGFGVPPEFGPFGAEGIGLPTDALGSTPEMTPFDPTTPYRTLAPMDLPPIPPPVFPETPMRPPTPFGFGPAPVPPMPF,0.69091796875,antigens,0.897413,0.33,0.4949
Gram-,Borreliella burgdorferi,MGGKRKGGSVTVGYRYYWDIHSGLGRGPVDEIVELRIDDKTAYLGKPGELTQSQAIYINKPNLFGGENTGGEGGIQGRLEILMGEPDQKPTQMLINLLKGKHNPAPRENTHALLRKNKRKKQQDEQAFFSAGNVTEGNLAKDDLIPGFRGIVSTVFSGLISCYNAYPKKHSYRVRRALKGWFNGTVWYPEKCKIILRNDTLKISGLTKEQEENARQIHAMNPAHILVECATNKSWGGKKDLSDLDLDSYKKAADTLYEEGFGLCLRYNRQGSIKEFMQQVIDHIGAVQYDNVETGKQAIKLLRNDYNPDDLPTFHYDNGILNVQDDDSSATDTTANQIVVKWRDPVTNREDQAIANNIASVQMHGVIAKNVEYKGVPTFDLAARIAQRDLEMVASSLTRLKIVFDMRASELKHGDVFKVHLPDRGIESVIFRVTGIENGNEGEFIVTCMQDVFGLPAANYSTQQSESLYIQPDYTAKAIQNSRLFELPYHVYPLVFSEAELAFIQPTDCFVWSLASTPSPLAVGYDLLTDVGAGFTPVAECSFTPSVILSSDITPYQTTVSFTAGEAFADLANAGALMIDDEIVKIESVDFKNSIMTIGRGCADTIPQAHKQGAIAWCYLFATSDTDTKYTVNEQIKAKLLTRTQIETLSEDAASVLTLTTQQRQVRPYPPANVKVDGAFVDKIADGSAFTLTWAHRDRDIQADQLITHTEDSTALGQGVSYKIDLMDGNNIVRSITTDSTEFVYPDEGKIEGEQFSKLAFYTVKDKQLTSLYRYEFTVQGAMQLLSDWDYQHAFTQGNNYLNRYDDNDMPEGKYIMLSSSASENVIYQSYPIEANKYKRFALSYKVGTYNQSNGLCTVTVQLYKGTELLKEYVSEQLGNWQKNDWHSQQVAEILPAETTEIRFKINVVGSISNNVIAFKDIVLRVGG,0.8566544651985168,non-antigens,0.061658,0.33,0.3585
Gram-,Borreliella burgdorferi,MIDYKNTLNLPETGFPMRGDLAKREPDMLKNWYDKNLYQKVRESSKGKKSFILHDGPPYANGNIHIGHAVNKILKDIIMKSKTALGFDTPYVPGWDCHGLPIELKVEGIVGKPNEKISAAEFRQACRDYAKEQVEGQKADFIRMGILGDWDNPYLTMNFDTEAHIIRTLGKVIANGHLYKGSKPVHWCLDCGSSLAEAEVEYEDKVSPSIYVRFKAIDSAAVEAKFNAVGKGSGQISAVIWTTTPWTLPSNKAISINPEFDYQLVQFGDERVVLVKDLVESVQKAVGVESVEVLGEVKGDALELMQFQHPFYDYSVPLILGDHVTTDGGTGLVHTAPDHGQDDFVVSKKYNIEMAGLVANDGKFISSTPFFAGLGVFESNEKVLEKLKEVGALLKLERIKHSYPHCWRHKTPIIFRATPQWFIGMETQGLREQALGEIKSVRWIPSWGEARIDTMVANRPDWCISRQRTWGVPMTMFVHNETEELHPRTLEILESVAKRVEEKGIQAWWDLDPVEVLGEEDAKNYRKVPDTLDVWFDSGSTYASVVEARPEFNGNSTDMYLEGSDQHRGWFMSSLMLSTATNGKAPYKQVLTHGFVVDEKGRKMSKSLGNVIVPSEVWNKNGADILRLWVASTDYTGEIAVSHNILNSAGESYRRIRNTARFLLANLNGFDPKRDLVKPEEMIALDRWAVSCALEAQNDIKEAYDNYQFHTVVQRLMRFCSIEMGSFYLDIIKDRQYTTKADSLARRSCQTALWHIAEALVRWMAPILSFTADEIWSYLPQVEGRSEFVFTEEFYEGLFGLTEADKLDDAYWQQILKVRAESNRVLEQARKDKVIGSGLEAKVTLYANNEIRAMLEQLGNELRFVLITSQAIIKPLSEADVAEGEMAGLAVKVERAEGEKCPRCWHFATDIGTHTEHSSVCGRCVENVAGEGEKRSFA,0.2861328125,non-antigens,0.907303,1.0,0.5259
Gram-,Borreliella burgdorferi,MDVFIQGFIVCFGLIVSIGAQNAFLLKQGILKQNVFWVALLCFLGDVFLMTLGVLGLGSIVANLPMLSLAIALLGACFLFTYGSRSFISIFKSVEALKASNENAMSLKRALMITFAITFLNPHVYIDTVVILGGIGGHLDFDGKMAFLAGALSCSFLWFFGVGYGAGFLSPYFEKRRTWQILDFLTSVIMYAIAISLTAYAFQLAKQIFAW,0.060863196849823,non-antigens,0.212204,0.33,0.6553
Gram-,Borreliella burgdorferi,MEFIKTRAAVAWAPNEPLKIEELDLMPPQKGEVLVRLVATGVCHTDAYTLSGQDSEGVFPCVLGHEGAGIVEAVGEGVTDFKVGDHVIPLYTAECRKCKFCLSGKTNLCSAVRETQGKGLMPDGTVRFFKDGQPIFHYMGTSTFSEYTVVSEYSLAKVQENAPLDEVCLLGCGVTTGIGAVTRTAKVKKGDTVAIFGLGGIGLAAIIGARMAGAGRIIAIDINPAKFEKAKELGATDCINPKDYEQPIQNVIIEMTDGGVDFSFECVGNVDLMRSALECCHKGWGESIIIGVAPAGAEIRTRPFQLVTGRVWRGSAFGGVKGRTELPGIIDQFMKGEFKLRDFITHTMPLEDINKALDLMHEGKSIRTVIHF,0.5721259713172913,non-antigens,0.031361,0.0,0.7838
Gram-,Borreliella burgdorferi,MKLSKKVLLIATTLATAVLTGCQSQSNVLNFTTPSPTATFNTNNQTAAVSVLTQDLRTSREVASYTKNGQITYLTSSPEVGLMFQQAVQQDLNAKGFQLVQGAANANVIVSVRKFFATVEQGNLLYKVNAAVGVEVAVKGSKGNFSKNFNATRGYEGAAVTTDNDDIKKVLGQAYDDVVKAIYNDNEISNAIHQFK,0.9444800615310669,non-antigens,0.077501,0.33,0.4022
Gram-,Burkholderia pseudomallei,MSGMKKEAWLALGGAVVVAAAVGTGWWMGKGGGQPAATPAAVTAPAAGQAAQPAPQAAQPATGQAVVGSADPFAALNCQPRQYNDTLSLALTFTQPVDRRTDLSRLIKVVDTGPLAQSDDENAAIERPAPAQAGAAGAKGKQVDGAWAVGDNPRVVYFPYVRPQRSYAVQWQGDVPAGDGKSTLGAVGHCVVNTQAMPPSFYFASRGVVLPAGQNGGLPVATVNLAEVDVQFLRVEPDRVPEFFGSVLGIGNDAGADDRDDADDWRYADNRSLKGSVSNWDLDRLHGLTTSVYQGRFLTDDKPNRRHVTFLPIEGVKELQEPGIYVAVMSQPGRFRYEYQVTYFYVSDIGLHTRRYAERIEAYTVSLKDGVAIPGALVEVLDGAGKVLAKANSDAQGHVRIDGDFAKSKVLRASRGKEMTVLALGEPALDLSEFDVGGHPGRSNNLFVYAGRNLYRPGETFHVSVLPRDPDGRPLAAAPVSATLKRPDGRVVRTALWHPAKDQPGYIEQAIELPVDAQTGAWMLELRIDPAARLPDAAWKFQVEEFLPERMKLQLDSAQTVLQPGQPWRVDVQGDYLYGAPAAGNRLLSSFQVKRNRYALPQQWPGFIFGDVADDTRRHYEELPESELDDTGAGQLEIDPHTDGTHSPMSVRVSASLLELGGRPVVRSLERTVWPAPQLIAVRPLFDRDVAREGAPAAFEITRVDASGKVVPVQQAQVRLYHEERQYYWRFDDQRGWHSGYTENEELTDSRVVDVGERTPLTLNVGWGRYRLEIADPQTGETLRYRFYAGWNAQDADAVGNRPDRVQLKLEGVPARPGDTVAMTITPPHDGQALVTVEGDRMLWSKWVPVQASGTQVEIPVDKAWKRHDLYVSATVFRPGSQGDRVTPARALGLAFLPIASDERRLQVSLSAPAKTRPETRATVRVKVEGAAGKAARVTLSAVDVGILNINQYATPDPLDFFFGKHRYAPELLDIYGKLIEKMDGTQGRLKWGGDAAMRGDSRSLPKKVKLVDLFSGPVKLDDKGEADIALDLPDFNGTLRLMAVAFTADQFGSADREMTVAAPIVAELNTPRFITPGDQTAIALDVTNLSGATQKITVRLQALDPLAIADGTRTLTLKDKQRSTLRFVATTTGSYGLGLMRLSVDGEGAAEPVRIVRESVLQVQPAHAPERRVRRVRLNPGEALPAPGDWTSAYFPDSVSVSMTLSNRPPINVSRLVDGLLTYPYGCTEQTISAAIPWVLIDEAAAERFGLKVYSRADRESRVASALGRLAGMRAANGSYSLWGDSSSRDVWLTAYTVGFMQDVRDHEFNLAPALLERPRQWLLEQLQQASGGFGTWSPNLRRTLASGRFDENDAAILREDHRRFAGLAAAALVLARDGKAPLSTVRQLYDNYQERARSPLPLMQLAAAFKLMGDEGRMKTALDEAMTRSYGINRRAGSNYLDEWLGDYGSAVRDYALSYALVNQYGLKHDRTEALLDQVGGYLGVRSYLSTQEQMALLLAAGATGAESRTPWQAALQIGTGELKTLQGRDDHTLALSAGDLAGLQLRNTGSQSMFAEFDVQGTTMAAPAPRSDVIRLKRVWYRPDGTAWNGGTLQTGDMLVVWVQAEASRLIPDALVVDRVPAGFEIENLNLSQSPDMQDWTIGGRRVAESMADPNIKHREFRDDRYVAATMLGRGKVDIFYLARVVTPGRYSVPATEAEDMYRPELRAVGDSWSSIEIRDRAPRRP,0.65625,non-antigens,0.333657,0.0,0.4478
Gram-,Burkholderia pseudomallei,MSKATGFIKEFRDFAVKGNAIDLAVGVIIGAAFGKIVDSLVKDVVMPLVNFILGGSVDFSNKFLVLSMPDGYTGPMTYADLTKAGANVLAWGNFITIIINFVLLAFVIFWMVKAIYFARRKEEAAPEAPAAPPEDVTVLREIRDLLKDKQGS,0.662109375,non-antigens,0.093219,0.67,0.3089
Gram-,Burkholderia pseudomallei,MMPPPAVPPQLPEVPAADLPRVRAPLSTYRRPQRTDFVTPTGGPFFAKQDKALNTIDLKMAHDLKLRGYRVKVAVVDEGVRSDHPLLNVEKKYGGDYMADGTRTYPDPKRQGRHGTSVALVLAGQDTDTYRGGVAPNADLYSANIGTRAGHVSDEAAFHAWNDLLGHGIKIFNNSFATEGPEGEQRVKEDRNEYHSAANKQNTYIGRLDRLVRDGALLIFAAGNGRPSGRAYSEVGSVGRTPRVEPHLQRGLIVVTAVDENGRLETWANRCGQAQQWCLAAPSTAYLPGLDKDNPDSIHVEQGTSLSAPLVTGAAVLVQDRFRWMDNDNLRTTLLTTAQDKGPYGVDPQYGWGVLDVGRAVQGPAQFAFGDFVARVTDTSTFGNDISGAGGLVVDGPGALVLAGSNTYAGRTTIKRGTLDVFGSVTSAVTVEPGGTLTGIGTVGTVTNQGTVVNKEAGLHVKGDYSQTAQGLLVTDIGSLLDVSGRASLAGRLHVDDIRPGYVGGDGKSVPVIKAGAVSGVFATLTRSPGLLLNARLDYRPQAVYLTMRRAERVHAAAQRGADDGRRASVLAVAERLDAAMRELDALPESQRDAAAPAAAIGRIQRVQSRKVLQDNLYSLAGATYANAAAVNTLEQNRWMDRLENHLAQAGGERVAAIAEYRHGQLRWRPDGLQGRQRGNGIMLGLAREVSAGLSLAAALTHSRTHWDESSGAPARDNAAMTTPGVLLGARRAWEDGWFVQGALGYSRYRNQATRHISLGDAGHTVGATARGHVWQADAGLGRQWTLAPGHTLAPRAGLQLTHLRQQGFSESGAQGLGLRAHALTRTVPTLWAQLQSRHAFMLGATPMTAQLQLGVWHDLRARRYAASGGFAGLAQDQGASGYWPVPRTRVQGALGLRAEFAPGLVLGLGYTGQLATHWVDHQLSASLTYRY,0.6966072916984558,non-antigens,0.206349,0.0,0.3937
Gram-,Burkholderia pseudomallei,MENTATAAKAKLEVKNLNFYYGKFHAIRNVNMSIRENKVTAFIGPSGCGKSTLLRTFNRMFELYPGQRAEGEILLDGENLLTSKTDISLIRAKVGMVFQKPTPFPMSIYDNIAFGVRLFERLSKGEMDERVEWALSKAALWNEVKDKLHQSGNSLSGGQQQRLCIARGVAIKPEVLLLDEPCSALDPISTAKIEELIAELKHEYTVVIVTHNMQQAARCSDYTAYMYLGELMEYGATDQIFVKPARKETEDYITGRFG,0.482060045003891,non-antigens,0.034144,0.33,0.5313
Gram-,Burkholderia pseudomallei,MSDNNRSRHITEGVARAPNRAMYYALGYTEADFQNPMIGVANGHSTITPCNSGLQRLADAAIEAIRVSRANPQVFGTPTISDGMSMGTEGMKYSLVSREVIADCIETAAQGQWMDGVVVIGGCDKNMPGGMMALARMNVPGIYVYGGTIKPGHYKGKDLTIVSVFEAVGEYTMGRMDETDFKAIEQCAIPGSGSYGGMYTANTMSSAFEAMGMSLPYSSTMANEDQEKVASAAESARVLVEAVRRQLRPRDIITLASIENAVAVIMATGGSTNAVLHFLAIAHAAEVPWNIDDFERIRKRVPVICDLKPSGRYVATDLHRAGGIPQVMKILLNAGLLHGDCITITGKTVAETLANVPDAPPPGQDVIMPIERALYPQGHLAILKGNLSPEGCVAKITGLKNPVITGPARVFDSEDDAMAAIMDRRIRDGDVVVIRYEGPKGGPGMREMLAPTSALVGQGLGETVGLITDGRFSGGTWGMVVGHVAPEEFVGGPIALIREGDSVTIDAHQLLLLLLNISDEEMAARRKAWAQPKPRYVRGVLAKFGKLACTASRGAVTDAFEE,0.638671875,non-antigens,0.906053,1.0,0.458
Gram-,Coxiella burnetii,MKRLILPFLSVGLLLGTTAHAATPLKTEQDKLSYSMGVMTGKAFRKHDIKIDPQTFSMGLSDAYLGKETQMTEAEMRQTLQQFEKQSLQKMQHKMKQTAQQNAEKSRAFLTANKNKPGVKTLANGLQYKVLQAGQGQSPTLNDEVTVNYEGRLINGTVFDSSYKRGQPATFPLKSVIKGWQEALTRMKPGAIWEIYVPPQLAYGEQGAPGVIGPNEALIFKVNLISVKKK,0.6025390625,antigens,0.763182,0.67,0.5867
protozoa,Eimeria maxima,MTRLGLAAVALALAVGPSMAVPSTTPVENQVHPYSEMSTYQEGSAPGAPEDTTTTTTSSPVSDGAEQWLESFVRAVQRQLQLQDQMMRQLMRDIQEYLSTAFNWAENQSTAYTRVTEMMDMISNRMNAAMDSSNELMTTSDTTDPETLRRATRKYMKEVRVQDVLVDALWASLRGVQTAAWMNGVTAIEKEETTPMASRAAEEFLHRMYHNLRAAGMSEEDVAKFIPRAEYNPSEQSRNMGRKGRSFYYGGYPSYYNSPYYSYSSYPSYYNYSYPSYSYSSYPSYYRYSSYPYYNYSYPSYYNYGSYPYYSYSSYPSWYWRRLRSLATATCPDCPPLTTPSMIPTPPPMMNMMNTPPPMANMMTSMMMNTPMVPPPRTLGTEAMSLGLAPIGITGAPMTGFGVPPEFGPFGAEGIGLPTDALGSTPEMTPFDPTTPYRTLAPMDLPPIPPPVFPETPMRPPTPFGFGPAPVPPMPF,0.656410276889801,antigens,0.897413,0.33,0.4949
Gram-,Borreliella burgdorferi,MGGKRKGGSVTVGYRYYWDIHSGLGRGPVDEIVELRIDDKTAYLGKPGELTQSQAIYINKPNLFGGENTGGEGGIQGRLEILMGEPDQKPTQMLINLLKGKHNPAPRENTHALLRKNKRKKQQDEQAFFSAGNVTEGNLAKDDLIPGFRGIVSTVFSGLISCYNAYPKKHSYRVRRALKGWFNGTVWYPEKCKIILRNDTLKISGLTKEQEENARQIHAMNPAHILVECATNKSWGGKKDLSDLDLDSYKKAADTLYEEGFGLCLRYNRQGSIKEFMQQVIDHIGAVQYDNVETGKQAIKLLRNDYNPDDLPTFHYDNGILNVQDDDSSATDTTANQIVVKWRDPVTNREDQAIANNIASVQMHGVIAKNVEYKGVPTFDLAARIAQRDLEMVASSLTRLKIVFDMRASELKHGDVFKVHLPDRGIESVIFRVTGIENGNEGEFIVTCMQDVFGLPAANYSTQQSESLYIQPDYTAKAIQNSRLFELPYHVYPLVFSEAELAFIQPTDCFVWSLASTPSPLAVGYDLLTDVGAGFTPVAECSFTPSVILSSDITPYQTTVSFTAGEAFADLANAGALMIDDEIVKIESVDFKNSIMTIGRGCADTIPQAHKQGAIAWCYLFATSDTDTKYTVNEQIKAKLLTRTQIETLSEDAASVLTLTTQQRQVRPYPPANVKVDGAFVDKIADGSAFTLTWAHRDRDIQADQLITHTEDSTALGQGVSYKIDLMDGNNIVRSITTDSTEFVYPDEGKIEGEQFSKLAFYTVKDKQLTSLYRYEFTVQGAMQLLSDWDYQHAFTQGNNYLNRYDDNDMPEGKYIMLSSSASENVIYQSYPIEANKYKRFALSYKVGTYNQSNGLCTVTVQLYKGTELLKEYVSEQLGNWQKNDWHSQQVAEILPAETTEIRFKINVVGSISNNVIAFKDIVLRVGG,0.6593406796455383,non-antigens,0.061658,0.33,0.3585
Gram-,Borreliella burgdorferi,MIDYKNTLNLPETGFPMRGDLAKREPDMLKNWYDKNLYQKVRESSKGKKSFILHDGPPYANGNIHIGHAVNKILKDIIMKSKTALGFDTPYVPGWDCHGLPIELKVEGIVGKPNEKISAAEFRQACRDYAKEQVEGQKADFIRMGILGDWDNPYLTMNFDTEAHIIRTLGKVIANGHLYKGSKPVHWCLDCGSSLAEAEVEYEDKVSPSIYVRFKAIDSAAVEAKFNAVGKGSGQISAVIWTTTPWTLPSNKAISINPEFDYQLVQFGDERVVLVKDLVESVQKAVGVESVEVLGEVKGDALELMQFQHPFYDYSVPLILGDHVTTDGGTGLVHTAPDHGQDDFVVSKKYNIEMAGLVANDGKFISSTPFFAGLGVFESNEKVLEKLKEVGALLKLERIKHSYPHCWRHKTPIIFRATPQWFIGMETQGLREQALGEIKSVRWIPSWGEARIDTMVANRPDWCISRQRTWGVPMTMFVHNETEELHPRTLEILESVAKRVEEKGIQAWWDLDPVEVLGEEDAKNYRKVPDTLDVWFDSGSTYASVVEARPEFNGNSTDMYLEGSDQHRGWFMSSLMLSTATNGKAPYKQVLTHGFVVDEKGRKMSKSLGNVIVPSEVWNKNGADILRLWVASTDYTGEIAVSHNILNSAGESYRRIRNTARFLLANLNGFDPKRDLVKPEEMIALDRWAVSCALEAQNDIKEAYDNYQFHTVVQRLMRFCSIEMGSFYLDIIKDRQYTTKADSLARRSCQTALWHIAEALVRWMAPILSFTADEIWSYLPQVEGRSEFVFTEEFYEGLFGLTEADKLDDAYWQQILKVRAESNRVLEQARKDKVIGSGLEAKVTLYANNEIRAMLEQLGNELRFVLITSQAIIKPLSEADVAEGEMAGLAVKVERAEGEKCPRCWHFATDIGTHTEHSSVCGRCVENVAGEGEKRSFA,0.486328125,non-antigens,0.907303,1.0,0.5259
Gram-,Borreliella burgdorferi,MDVFIQGFIVCFGLIVSIGAQNAFLLKQGILKQNVFWVALLCFLGDVFLMTLGVLGLGSIVANLPMLSLAIALLGACFLFTYGSRSFISIFKSVEALKASNENAMSLKRALMITFAITFLNPHVYIDTVVILGGIGGHLDFDGKMAFLAGALSCSFLWFFGVGYGAGFLSPYFEKRRTWQILDFLTSVIMYAIAISLTAYAFQLAKQIFAW,0.052188243716955185,non-antigens,0.212204,0.33,0.6553
Gram-,Borreliella burgdorferi,MEFIKTRAAVAWAPNEPLKIEELDLMPPQKGEVLVRLVATGVCHTDAYTLSGQDSEGVFPCVLGHEGAGIVEAVGEGVTDFKVGDHVIPLYTAECRKCKFCLSGKTNLCSAVRETQGKGLMPDGTVRFFKDGQPIFHYMGTSTFSEYTVVSEYSLAKVQENAPLDEVCLLGCGVTTGIGAVTRTAKVKKGDTVAIFGLGGIGLAAIIGARMAGAGRIIAIDINPAKFEKAKELGATDCINPKDYEQPIQNVIIEMTDGGVDFSFECVGNVDLMRSALECCHKGWGESIIIGVAPAGAEIRTRPFQLVTGRVWRGSAFGGVKGRTELPGIIDQFMKGEFKLRDFITHTMPLEDINKALDLMHEGKSIRTVIHF,0.6845703125,non-antigens,0.031361,0.0,0.7838
Gram-,Borreliella burgdorferi,MKLSKKVLLIATTLATAVLTGCQSQSNVLNFTTPSPTATFNTNNQTAAVSVLTQDLRTSREVASYTKNGQITYLTSSPEVGLMFQQAVQQDLNAKGFQLVQGAANANVIVSVRKFFATVEQGNLLYKVNAAVGVEVAVKGSKGNFSKNFNATRGYEGAAVTTDNDDIKKVLGQAYDDVVKAIYNDNEISNAIHQFK,0.8932299613952637,non-antigens,0.077501,0.33,0.4022
Gram-,Burkholderia pseudomallei,MSGMKKEAWLALGGAVVVAAAVGTGWWMGKGGGQPAATPAAVTAPAAGQAAQPAPQAAQPATGQAVVGSADPFAALNCQPRQYNDTLSLALTFTQPVDRRTDLSRLIKVVDTGPLAQSDDENAAIERPAPAQAGAAGAKGKQVDGAWAVGDNPRVVYFPYVRPQRSYAVQWQGDVPAGDGKSTLGAVGHCVVNTQAMPPSFYFASRGVVLPAGQNGGLPVATVNLAEVDVQFLRVEPDRVPEFFGSVLGIGNDAGADDRDDADDWRYADNRSLKGSVSNWDLDRLHGLTTSVYQGRFLTDDKPNRRHVTFLPIEGVKELQEPGIYVAVMSQPGRFRYEYQVTYFYVSDIGLHTRRYAERIEAYTVSLKDGVAIPGALVEVLDGAGKVLAKANSDAQGHVRIDGDFAKSKVLRASRGKEMTVLALGEPALDLSEFDVGGHPGRSNNLFVYAGRNLYRPGETFHVSVLPRDPDGRPLAAAPVSATLKRPDGRVVRTALWHPAKDQPGYIEQAIELPVDAQTGAWMLELRIDPAARLPDAAWKFQVEEFLPERMKLQLDSAQTVLQPGQPWRVDVQGDYLYGAPAAGNRLLSSFQVKRNRYALPQQWPGFIFGDVADDTRRHYEELPESELDDTGAGQLEIDPHTDGTHSPMSVRVSASLLELGGRPVVRSLERTVWPAPQLIAVRPLFDRDVAREGAPAAFEITRVDASGKVVPVQQAQVRLYHEERQYYWRFDDQRGWHSGYTENEELTDSRVVDVGERTPLTLNVGWGRYRLEIADPQTGETLRYRFYAGWNAQDADAVGNRPDRVQLKLEGVPARPGDTVAMTITPPHDGQALVTVEGDRMLWSKWVPVQASGTQVEIPVDKAWKRHDLYVSATVFRPGSQGDRVTPARALGLAFLPIASDERRLQVSLSAPAKTRPETRATVRVKVEGAAGKAARVTLSAVDVGILNINQYATPDPLDFFFGKHRYAPELLDIYGKLIEKMDGTQGRLKWGGDAAMRGDSRSLPKKVKLVDLFSGPVKLDDKGEADIALDLPDFNGTLRLMAVAFTADQFGSADREMTVAAPIVAELNTPRFITPGDQTAIALDVTNLSGATQKITVRLQALDPLAIADGTRTLTLKDKQRSTLRFVATTTGSYGLGLMRLSVDGEGAAEPVRIVRESVLQVQPAHAPERRVRRVRLNPGEALPAPGDWTSAYFPDSVSVSMTLSNRPPINVSRLVDGLLTYPYGCTEQTISAAIPWVLIDEAAAERFGLKVYSRADRESRVASALGRLAGMRAANGSYSLWGDSSSRDVWLTAYTVGFMQDVRDHEFNLAPALLERPRQWLLEQLQQASGGFGTWSPNLRRTLASGRFDENDAAILREDHRRFAGLAAAALVLARDGKAPLSTVRQLYDNYQERARSPLPLMQLAAAFKLMGDEGRMKTALDEAMTRSYGINRRAGSNYLDEWLGDYGSAVRDYALSYALVNQYGLKHDRTEALLDQVGGYLGVRSYLSTQEQMALLLAAGATGAESRTPWQAALQIGTGELKTLQGRDDHTLALSAGDLAGLQLRNTGSQSMFAEFDVQGTTMAAPAPRSDVIRLKRVWYRPDGTAWNGGTLQTGDMLVVWVQAEASRLIPDALVVDRVPAGFEIENLNLSQSPDMQDWTIGGRRVAESMADPNIKHREFRDDRYVAATMLGRGKVDIFYLARVVTPGRYSVPATEAEDMYRPELRAVGDSWSSIEIRDRAPRRP,0.6153846383094788,non-antigens,0.333657,0.0,0.4478
Gram-,Burkholderia pseudomallei,MSKATGFIKEFRDFAVKGNAIDLAVGVIIGAAFGKIVDSLVKDVVMPLVNFILGGSVDFSNKFLVLSMPDGYTGPMTYADLTKAGANVLAWGNFITIIINFVLLAFVIFWMVKAIYFARRKEEAAPEAPAAPPEDVTVLREIRDLLKDKQGS,0.44837686419487,non-antigens,0.093219,0.67,0.3089
Gram-,Burkholderia pseudomallei,MMPPPAVPPQLPEVPAADLPRVRAPLSTYRRPQRTDFVTPTGGPFFAKQDKALNTIDLKMAHDLKLRGYRVKVAVVDEGVRSDHPLLNVEKKYGGDYMADGTRTYPDPKRQGRHGTSVALVLAGQDTDTYRGGVAPNADLYSANIGTRAGHVSDEAAFHAWNDLLGHGIKIFNNSFATEGPEGEQRVKEDRNEYHSAANKQNTYIGRLDRLVRDGALLIFAAGNGRPSGRAYSEVGSVGRTPRVEPHLQRGLIVVTAVDENGRLETWANRCGQAQQWCLAAPSTAYLPGLDKDNPDSIHVEQGTSLSAPLVTGAAVLVQDRFRWMDNDNLRTTLLTTAQDKGPYGVDPQYGWGVLDVGRAVQGPAQFAFGDFVARVTDTSTFGNDISGAGGLVVDGPGALVLAGSNTYAGRTTIKRGTLDVFGSVTSAVTVEPGGTLTGIGTVGTVTNQGTVVNKEAGLHVKGDYSQTAQGLLVTDIGSLLDVSGRASLAGRLHVDDIRPGYVGGDGKSVPVIKAGAVSGVFATLTRSPGLLLNARLDYRPQAVYLTMRRAERVHAAAQRGADDGRRASVLAVAERLDAAMRELDALPESQRDAAAPAAAIGRIQRVQSRKVLQDNLYSLAGATYANAAAVNTLEQNRWMDRLENHLAQAGGERVAAIAEYRHGQLRWRPDGLQGRQRGNGIMLGLAREVSAGLSLAAALTHSRTHWDESSGAPARDNAAMTTPGVLLGARRAWEDGWFVQGALGYSRYRNQATRHISLGDAGHTVGATARGHVWQADAGLGRQWTLAPGHTLAPRAGLQLTHLRQQGFSESGAQGLGLRAHALTRTVPTLWAQLQSRHAFMLGATPMTAQLQLGVWHDLRARRYAASGGFAGLAQDQGASGYWPVPRTRVQGALGLRAEFAPGLVLGLGYTGQLATHWVDHQLSASLTYRY,0.5439453125,non-antigens,0.206349,0.0,0.3937
Gram-,Burkholderia pseudomallei,MENTATAAKAKLEVKNLNFYYGKFHAIRNVNMSIRENKVTAFIGPSGCGKSTLLRTFNRMFELYPGQRAEGEILLDGENLLTSKTDISLIRAKVGMVFQKPTPFPMSIYDNIAFGVRLFERLSKGEMDERVEWALSKAALWNEVKDKLHQSGNSLSGGQQQRLCIARGVAIKPEVLLLDEPCSALDPISTAKIEELIAELKHEYTVVIVTHNMQQAARCSDYTAYMYLGELMEYGATDQIFVKPARKETEDYITGRFG,0.505859375,non-antigens,0.034144,0.33,0.5313
Gram-,Burkholderia pseudomallei,MSDNNRSRHITEGVARAPNRAMYYALGYTEADFQNPMIGVANGHSTITPCNSGLQRLADAAIEAIRVSRANPQVFGTPTISDGMSMGTEGMKYSLVSREVIADCIETAAQGQWMDGVVVIGGCDKNMPGGMMALARMNVPGIYVYGGTIKPGHYKGKDLTIVSVFEAVGEYTMGRMDETDFKAIEQCAIPGSGSYGGMYTANTMSSAFEAMGMSLPYSSTMANEDQEKVASAAESARVLVEAVRRQLRPRDIITLASIENAVAVIMATGGSTNAVLHFLAIAHAAEVPWNIDDFERIRKRVPVICDLKPSGRYVATDLHRAGGIPQVMKILLNAGLLHGDCITITGKTVAETLANVPDAPPPGQDVIMPIERALYPQGHLAILKGNLSPEGCVAKITGLKNPVITGPARVFDSEDDAMAAIMDRRIRDGDVVVIRYEGPKGGPGMREMLAPTSALVGQGLGETVGLITDGRFSGGTWGMVVGHVAPEEFVGGPIALIREGDSVTIDAHQLLLLLLNISDEEMAARRKAWAQPKPRYVRGVLAKFGKLACTASRGAVTDAFEE,0.5625,non-antigens,0.906053,1.0,0.458
